id,title,date,reference_number,department_code,pdf_url,local_filename
13664,"Implementation of Section 51A of UAPA, 1967: Updates to UNSC’s 1988 (2011) Taliban Sanctions List: Amendment of 05 Entries:","July 31, 2026","RBI/2026-27/222 DOR.AML.REC.192/14.06.001/2026-27 July 31, 2026 The Chairpersons/ CEOs of the Commercial Banks, Small Finance Banks, Payment Banks, Urban Co-operative Banks, Rural Co-operative Banks,",DOR,https://rbidocs.rbi.org.in/rdocs/notification/PDFs/NT222A6F1CE99F47E4043B7DBFE7B11B96548.PDF,July-31-2026_implementation-of-section-51a-of-uapa-1967-updates-to-unscs-.pdf
13663,Consolidation of Supervisory Instructions – Repeal of Circulars,"July 31, 2026","RBI/DoS/2026-27/221 DoS.CO.PPG.66/11.01.005/2026-27 July 31, 2026 Consolidation of Supervisory Instructions – Repeal of Circulars Please refer to the press release issued on July 31, 2026 announcing t",DOS,https://rbidocs.rbi.org.in/rdocs/notification/PDFs/NT221FE0A4B324CB7415EAFFA02710AC67A48.PDF,July-31-2026_consolidation-of-supervisory-instructions-repeal-of-circular.pdf
13662,"Fake Indian Currency Notes (FICNs)-Detection, Reporting and Monitoring","July 31, 2026","RBI/2026-27/220 DCM (FNVD) No.S1335/16.01.05/2026-27 July 31, 2026 The Chairman/ Managing Director/ Chief Executive Officer All Banks Madam/ Dear Sir, Fake Indian Currency Notes (FICNs)-Detection, Rep",DCM,https://rbidocs.rbi.org.in/rdocs/notification/PDFs/NT22031600C31BC5F403AA3CD3FF99E8410E4.PDF,July-31-2026_fake-indian-currency-notes-ficns-detection-reporting-and-mon.pdf
13661,"Reserve Bank of India (Urban Co-operative Banks – Interest Rate on Deposits) Second Amendment Directions, 2026","July 30, 2026","RBI/2026-27/219 DOR.SOG(SPE).REC.181/13.03.00/2026-27 July 30, 2026 Reserve Bank of India (Urban Co-operative Banks – Interest Rate on Deposits) Second Amendment Directions, 2026 Please refer to the R",DOR,https://rbidocs.rbi.org.in/rdocs/notification/PDFs/NT21905948F408D284D128AA9853033D2298F.PDF,July-30-2026_reserve-bank-of-india-urban-co-operative-banks-interest-rate.pdf
13660,"Reserve Bank of India (Local Area Banks – Interest Rate on Deposits) Second Amendment Directions, 2026","July 30, 2026","RBI/2026-27/218 DOR.SOG(SPE).REC.177/13.03.00/2026-27 July 30, 2026 Reserve Bank of India (Local Area Banks – Interest Rate on Deposits) Second Amendment Directions, 2026 Please refer to the Reserve B",DOR,https://rbidocs.rbi.org.in/rdocs/notification/PDFs/NT2184F10BEFE10E747ECB300CA3A9C53050D.PDF,July-30-2026_reserve-bank-of-india-local-area-banks-interest-rate-on-depo.pdf
13659,"Reserve Bank of India (Payments Banks – Interest Rate on Deposits) Amendment Directions, 2026","July 30, 2026","RBI/2026-27/217 DOR.SOG(SPE).REC.179/13.03.00/2026-27 July 30, 2026 Reserve Bank of India (Payments Banks – Interest Rate on Deposits) Amendment Directions, 2026 Please refer to the Reserve Bank of In",DOR,https://rbidocs.rbi.org.in/rdocs/notification/PDFs/NT2177579A8428814410087D1D9930631D732.PDF,July-30-2026_reserve-bank-of-india-payments-banks-interest-rate-on-deposi.pdf
13658,"Reserve Bank of India (Regional Rural Banks – Interest Rate on Deposits) Second Amendment Directions, 2026","July 30, 2026","RBI/2026-27/216 DOR.SOG(SPE).REC.180/13.03.00/2026-27 July 30, 2026 Reserve Bank of India (Regional Rural Banks – Interest Rate on Deposits) Second Amendment Directions, 2026 Please refer to the Reser",DOR,https://rbidocs.rbi.org.in/rdocs/notification/PDFs/NT216F2E56A6B19F14E11AB9126CBC94C1D8A.PDF,July-30-2026_reserve-bank-of-india-regional-rural-banks-interest-rate-on-.pdf
13657,"Reserve Bank of India (Small Finance Banks – Interest Rate on Deposits) Second Amendment Directions, 2026","July 30, 2026","RBI/2026-27/215 DOR.SOG(SPE).REC.178/13.03.00/2026-27 July 30, 2026 Reserve Bank of India (Small Finance Banks – Interest Rate on Deposits) Second Amendment Directions, 2026 Please refer to the Reserv",DOR,https://rbidocs.rbi.org.in/rdocs/notification/PDFs/NT2153539C98C29F4493D8F5993437D46E192.PDF,July-30-2026_reserve-bank-of-india-small-finance-banks-interest-rate-on-d.pdf
13656,"Reserve Bank of India (Commercial Banks – Interest Rate on Deposits) Second Amendment Directions, 2026","July 30, 2026","RBI/2026-27/214 DOR.SOG(SPE).REC.176/13.03.00/2026-27 July 30, 2026 Reserve Bank of India (Commercial Banks – Interest Rate on Deposits) Second Amendment Directions, 2026 Please refer to the Reserve B",DOR,https://rbidocs.rbi.org.in/rdocs/notification/PDFs/NT214007577711839463B9DF08E80F7DBCB6F.PDF,July-30-2026_reserve-bank-of-india-commercial-banks-interest-rate-on-depo.pdf
13655,"Reserve Bank of India (Small Finance Banks – Financial Statements: Presentation and Disclosures) Fourth Amendment Directions, 2026","July 30, 2026","RBI/DOR/2026-27/213 DOR.ACC.REC.No.190/21.04.018/2026-27 July 30, 2026 Reserve Bank of India (Small Finance Banks – Financial Statements: Presentation and Disclosures) Fourth Amendment Directions, 202",DOR,https://rbidocs.rbi.org.in/rdocs/notification/PDFs/NT2135B94D09619AB4E57A4EC564FA03B610E.PDF,July-30-2026_reserve-bank-of-india-small-finance-banks-financial-statemen.pdf
13654,"Reserve Bank of India (Small Finance Banks – Governance) Third Amendment Directions, 2026","July 30, 2026","RBI/DOR/2026-27/212 DOR.ACC.REC.No.189/29.67.001/2026-27 July 30, 2026 Reserve Bank of India (Small Finance Banks – Governance) Third Amendment Directions, 2026 Please refer to the Reserve Bank of Ind",DOR,https://rbidocs.rbi.org.in/rdocs/notification/PDFs/NT212F2A934710D6A4CDC9E71067C94DC170F.PDF,July-30-2026_reserve-bank-of-india-small-finance-banks-governance-third-a.pdf
13653,"Reserve Bank of India (Small Finance Banks – Asset Liability Management) Amendment Directions, 2026","July 30, 2026","RBI/DOR/2026-27/211 DOR.ACC.REC.No.188/13-10-002/2026-27 July 30, 2026 Reserve Bank of India (Small Finance Banks – Asset Liability Management) Amendment Directions, 2026 Please refer to the Reserve B",DOR,https://rbidocs.rbi.org.in/rdocs/notification/PDFs/NT2119F4396DD846F40AD93EC8730D34E1DB7.PDF,July-30-2026_reserve-bank-of-india-small-finance-banks-asset-liability-ma.pdf
13652,"Reserve Bank of India (Small Finance Banks – Prudential Norms on Capital Adequacy) Fifth Amendment Directions, 2026","July 30, 2026","RBI/2026-27/210 DOR.ACC.REC.No.191/21-01-002/2026-27 July 30, 2026 Reserve Bank of India (Small Finance Banks – Prudential Norms on Capital Adequacy) Fifth Amendment Directions, 2026 Please refer to ‘",DOR,https://rbidocs.rbi.org.in/rdocs/notification/PDFs/NT2108270FCCB27CD41269C97AB89050D0582.PDF,July-30-2026_reserve-bank-of-india-small-finance-banks-prudential-norms-o.pdf
13651,"Reserve Bank of India (Payments Banks – Financial Statements: Presentation and Disclosures) Second Amendment Directions, 2026","July 30, 2026","RBI/DOR/2026-27/209 DOR.ACC.REC.No.187/21.04.018/2026-27 July 30, 2026 Reserve Bank of India (Payments Banks – Financial Statements: Presentation and Disclosures) Second Amendment Directions, 2026 Ple",DOR,https://rbidocs.rbi.org.in/rdocs/notification/PDFs/NT209501B8A8B556F4EE89F16F2F264541B63.PDF,July-30-2026_reserve-bank-of-india-payments-banks-financial-statements-pr.pdf
13650,"Reserve Bank of India (Payments Banks – Governance) Third Amendment Directions, 2026","July 30, 2026","RBI/DOR/2026-27/208 DOR.ACC.REC.No.186/29.67.001/2026-27 July 30, 2026 Reserve Bank of India (Payments Banks – Governance) Third Amendment Directions, 2026 Please refer to the Reserve Bank of India (P",DOR,https://rbidocs.rbi.org.in/rdocs/notification/PDFs/NT208FE629C7305784109BDA42B6A7F68C3A9.PDF,July-30-2026_reserve-bank-of-india-payments-banks-governance-third-amendm.pdf
13649,"Reserve Bank of India (Commercial Banks – Financial Statements: Presentation and Disclosures) Eighth Amendment Directions, 2026","July 30, 2026","RBI/DOR/2026-27/207 DOR.ACC.REC.No.184/21.04.018/2026-27 July 30, 2026 Reserve Bank of India (Commercial Banks – Financial Statements: Presentation and Disclosures) Eighth Amendment Directions, 2026 P",DOR,https://rbidocs.rbi.org.in/rdocs/notification/PDFs/NT2071F359D24074A4BAFB39B3ECF2E2E8B8F.PDF,July-30-2026_reserve-bank-of-india-commercial-banks-financial-statements-.pdf
13648,"Reserve Bank of India (Commercial Banks – Governance) Third Amendment Directions, 2026","July 30, 2026","RBI/DOR/2026-27/206 DOR.ACC.REC.No.183/29.67.001/2026-27 July 30, 2026 Reserve Bank of India (Commercial Banks – Governance) Third Amendment Directions, 2026 Please refer to the Reserve Bank of India",DOR,https://rbidocs.rbi.org.in/rdocs/notification/PDFs/NT206EDD247C9421440388A3EAF0677317C85.PDF,July-30-2026_reserve-bank-of-india-commercial-banks-governance-third-amen.pdf
13647,"Reserve Bank of India (Commercial Banks – Asset Liability Management) Second Amendment Directions, 2026","July 30, 2026","RBI/DOR/2026-27/205 DOR.ACC.REC.No.182/13-10-001/2026-27 July 30, 2026 Reserve Bank of India (Commercial Banks – Asset Liability Management) Second Amendment Directions, 2026 Please refer to the Reser",DOR,https://rbidocs.rbi.org.in/rdocs/notification/PDFs/NT205D4E4EF0D80D447CFBFF57992629DC375.PDF,July-30-2026_reserve-bank-of-india-commercial-banks-asset-liability-manag.pdf
13646,"Reserve Bank of India (Commercial Banks – Prudential Norms on Capital Adequacy) Seventh Amendment Directions, 2026","July 30, 2026","RBI/2026-27/204 DOR.ACC.REC.No.185/21-02-002/2026-27 July 30, 2026 Reserve Bank of India (Commercial Banks – Prudential Norms on Capital Adequacy) Seventh Amendment Directions, 2026 Please refer to ‘A",DOR,https://rbidocs.rbi.org.in/rdocs/notification/PDFs/NT2043855583C178849C8B1D76ED91C4F6229.PDF,July-30-2026_reserve-bank-of-india-commercial-banks-prudential-norms-on-c.pdf
13645,"Reserve Bank of India (Commercial Banks - Compliance Function) Directions, 2026","July 31, 2026","RBI/DoS/2026-27/408 DoS.CO.PPG.2/11.01.005/2026-27 July 31, 2026 Reserve Bank of India (Commercial Banks - Compliance Function) Directions, 2026 Table of Contents Introduction Chapter I - Preliminary",DOS,https://rbidocs.rbi.org.in/rdocs/notification/PDFs/408MD83CAFF1305FB4180A6C3B4E68C88ED09.PDF,July-31-2026_reserve-bank-of-india-commercial-banks-compliance-function-d.pdf
13644,"Reserve Bank of India (Commercial Banks – Concurrent Audit) Directions, 2026","July 31, 2026","RBI/DoS/2026-27/409 DoS.CO.ARG.3/08.91.021/2026-27 July 31, 2026 Reserve Bank of India (Commercial Banks – Concurrent Audit) Directions, 2026 Table of Contents Chapter I - Preliminary A. Short Title a",DOS,https://rbidocs.rbi.org.in/rdocs/notification/PDFs/409MD13EB09368FC543A2BEDF3B9E8F2C9A6A.PDF,July-31-2026_reserve-bank-of-india-commercial-banks-concurrent-audit-dire.pdf
13643,"Reserve Bank of India (Commercial Banks – Cybersecurity, Technology: Risk, Resilience and Assurance Framework) Directions, 2026","July 31, 2026","RBI/DoS/2026-27/410 DoS.CO.CSITEG.4/31.01.015/2026-27 July 31, 2026 Reserve Bank of India (Commercial Banks – Cybersecurity, Technology: Risk, Resilience and Assurance Framework) Directions, 2026 Tabl",DOS,https://rbidocs.rbi.org.in/rdocs/notification/PDFs/410MD1C1DD4C43C9C49ED9033D64902636D9C.PDF,July-31-2026_reserve-bank-of-india-commercial-banks-cybersecurity-technol.pdf
13642,"Reserve Bank of India (Commercial Banks – Digital Payment Security Controls) Directions, 2026","July 31, 2026","RBI/DoS/2026-27/411 DoS.CO.CSITEG.5/31.01.015/2026-27 July 31, 2026 Reserve Bank of India (Commercial Banks – Digital Payment Security Controls) Directions, 2026 Table of Contents Chapter I - Prelimin",DOS,https://rbidocs.rbi.org.in/rdocs/notification/PDFs/411MD1918998D1AD74F159D57664FB10E053F.PDF,July-31-2026_reserve-bank-of-india-commercial-banks-digital-payment-secur.pdf
13641,"Reserve Bank of India (Commercial Banks – Fraud Risk Management) Directions, 2026","July 31, 2026","RBI/DoS/2026-27/412 DoS.CO.FMG.6/23.04.001/2026-27 July 31, 2026 Reserve Bank of India (Commercial Banks – Fraud Risk Management) Directions, 2026 Table of Contents Chapter I - Preliminary A. Short Ti",DOS,https://rbidocs.rbi.org.in/rdocs/notification/PDFs/412MD5B6CA712E156413BACDEA9DD5CF5D1EF.PDF,July-31-2026_reserve-bank-of-india-commercial-banks-fraud-risk-management.pdf
13640,"Reserve Bank of India (Commercial Banks - Internal Audit Function) Directions, 2026","July 31, 2026","RBI/DoS/2026-27/413 DoS.CO.PPG.7/11.01.005/2026-27 July 31, 2026 Reserve Bank of India (Commercial Banks - Internal Audit Function) Directions, 2026 Table of Contents Introduction Chapter I - Prelimin",DOS,https://rbidocs.rbi.org.in/rdocs/notification/PDFs/413MD4F9FF319B5954ED1998D65025BDCBFDA.PDF,July-31-2026_reserve-bank-of-india-commercial-banks-internal-audit-functi.pdf
13639,"Reserve Bank of India (Commercial Banks – Statutory Audit) Directions, 2026","July 31, 2026","RBI/DoS/2026-27/414 DoS.CO.ARG.8/08.91.001/2026-27 July 31, 2026 Reserve Bank of India (Commercial Banks – Statutory Audit) Directions, 2026 Table of Contents Chapter I - Preliminary A. Short Title an",DOS,https://rbidocs.rbi.org.in/rdocs/notification/PDFs/414MDEB929BD427B7443C98B182F2A13E1396.PDF,July-31-2026_reserve-bank-of-india-commercial-banks-statutory-audit-direc.pdf
13638,"Reserve Bank of India (Commercial Banks – Supervisory Returns) Directions, 2026","July 31, 2026","RBI/DoS/2026-27/415 DoS.CO.DSG.9/33.01.001/2026-27 July 31, 2026 Reserve Bank of India (Commercial Banks – Supervisory Returns) Directions, 2026 Table of Contents Chapter I - Preliminary A. Short Titl",DOS,https://rbidocs.rbi.org.in/rdocs/notification/PDFs/415MD17AD8787C68848D58600F61E35468861.PDF,July-31-2026_reserve-bank-of-india-commercial-banks-supervisory-returns-d.pdf
13637,"Reserve Bank of India (Commercial Banks – Miscellaneous) Supervisory Directions, 2026","July 31, 2026","RBI/DoS/2026-27/416 DoS.CO.PPG.10/11.01.005/2026-27 July 31, 2026 Reserve Bank of India (Commercial Banks – Miscellaneous) Supervisory Directions, 2026 Table of Contents Chapter I - Preliminary A. Sho",DOS,https://rbidocs.rbi.org.in/rdocs/notification/PDFs/416MD53D6A6765E6649B6AAABB58C0E4C7EFB.PDF,July-31-2026_reserve-bank-of-india-commercial-banks-miscellaneous-supervi.pdf
13636,"Reserve Bank of India (Small Finance Banks - Compliance Function) Directions, 2026","July 31, 2026","RBI/DoS/2026-27/417 DoS.CO.PPG.11/11.01.005/2026-27 July 31, 2026 Reserve Bank of India (Small Finance Banks - Compliance Function) Directions, 2026 Table of Contents Introduction Chapter I - Prelimin",DOS,https://rbidocs.rbi.org.in/rdocs/notification/PDFs/417MDBF2FB62647A34F518725C7419A522A1A.PDF,July-31-2026_reserve-bank-of-india-small-finance-banks-compliance-functio.pdf
13635,"Reserve Bank of India (Small Finance Banks – Concurrent Audit) Directions, 2026","July 31, 2026","RBI/DoS/2026-27/418 DoS.CO.ARG.12/08.91.021/2026-27 July 31, 2026 Reserve Bank of India (Small Finance Banks – Concurrent Audit) Directions, 2026 Table of Contents Chapter I - Preliminary A. Short Tit",DOS,https://rbidocs.rbi.org.in/rdocs/notification/PDFs/418MD59AF663B94CE4CA4AED6B0F320D63F27.PDF,July-31-2026_reserve-bank-of-india-small-finance-banks-concurrent-audit-d.pdf
13634,"Reserve Bank of India (Small Finance Banks - Cybersecurity, Technology: Risk, Resilience and Assurance Framework) Directions, 2026","July 31, 2026","RBI/DoS/2026-27/419 DoS.CO.CSITEG.13/31.01.015/2026-27 July 31, 2026 Reserve Bank of India (Small Finance Banks - Cybersecurity, Technology: Risk, Resilience and Assurance Framework) Directions, 2026",DOS,https://rbidocs.rbi.org.in/rdocs/notification/PDFs/419MD2FBDBDE1A8C948B79579A76A9BC83E21.PDF,July-31-2026_reserve-bank-of-india-small-finance-banks-cybersecurity-tech.pdf
13633,"Reserve Bank of India (Small Finance Banks – Digital Payment Security Controls) Directions, 2026","July 31, 2026","RBI/DoS/2026-27/420 DoS.CO.CSITEG.14/31.01.015/2026-27 July 31, 2026 Reserve Bank of India (Small Finance Banks – Digital Payment Security Controls) Directions, 2026 Table of Contents Chapter I - Prel",DOS,https://rbidocs.rbi.org.in/rdocs/notification/PDFs/420MD29384D707EBB4C938067734D3B24D278.PDF,July-31-2026_reserve-bank-of-india-small-finance-banks-digital-payment-se.pdf
13632,"Reserve Bank of India (Small Finance Banks – Fraud Risk Management) Directions, 2026","July 31, 2026","RBI/DoS/2026-27/421 DoS.CO.FMG.15/23.04.001/2026-27 July 31, 2026 Reserve Bank of India (Small Finance Banks – Fraud Risk Management) Directions, 2026 Table of Contents Chapter I - Preliminary A. Shor",DOS,https://rbidocs.rbi.org.in/rdocs/notification/PDFs/421MD045AAA3F34354D88B80AB52E2EFBBBA1.PDF,July-31-2026_reserve-bank-of-india-small-finance-banks-fraud-risk-managem.pdf
13631,"Reserve Bank of India (Small Finance Banks - Internal Audit Function) Directions, 2026","July 31, 2026","RBI/DoS/2026-27/422 DoS.CO.PPG.16/11.01.005/2026-27 July 31, 2026 Reserve Bank of India (Small Finance Banks - Internal Audit Function) Directions, 2026 Table of Contents Introduction Chapter I - Prel",DOS,https://rbidocs.rbi.org.in/rdocs/notification/PDFs/422MD40D63D4AC3564816952B97A16E1AFABD.PDF,July-31-2026_reserve-bank-of-india-small-finance-banks-internal-audit-fun.pdf
13630,"Reserve Bank of India (Small Finance Banks – Statutory Audit) Directions, 2026","July 31, 2026","RBI/DoS/2026-27/423 DoS.CO.ARG.17/08.91.001/2026-27 July 31, 2026 Reserve Bank of India (Small Finance Banks – Statutory Audit) Directions, 2026 Table of Contents Chapter I - Preliminary A. Short Titl",DOS,https://rbidocs.rbi.org.in/rdocs/notification/PDFs/423MD425FF643D83E4234949863E6681E0BC3.PDF,July-31-2026_reserve-bank-of-india-small-finance-banks-statutory-audit-di.pdf
13629,"Reserve Bank of India (Small Finance Banks - Supervisory Returns) Directions, 2026","July 31, 2026","RBI/DoS/2026-27/424 DoS.CO.DSG.18/33.01.001/2026-27 July 31, 2026 Reserve Bank of India (Small Finance Banks - Supervisory Returns) Directions, 2026 Table of Contents Chapter I - Preliminary A. Short",DOS,https://rbidocs.rbi.org.in/rdocs/notification/PDFs/424MD2CF5C97A54FA4C2883108496BBEF2D80.PDF,July-31-2026_reserve-bank-of-india-small-finance-banks-supervisory-return.pdf
13628,"Reserve Bank of India (Small Finance Banks – Miscellaneous) Supervisory Directions, 2026","July 31, 2026","RBI/DoS/2026-27/425 DoS.CO.PPG.19/11.01.005/2026-27 July 31, 2026 Reserve Bank of India (Small Finance Banks – Miscellaneous) Supervisory Directions, 2026 Table of Contents Chapter I - Preliminary A.",DOS,https://rbidocs.rbi.org.in/rdocs/notification/PDFs/425MD0436481B095C48CD89101DA2ACCD152E.PDF,July-31-2026_reserve-bank-of-india-small-finance-banks-miscellaneous-supe.pdf
13627,"Reserve Bank of India (Payments Banks - Compliance Function) Directions, 2026","July 31, 2026","RBI/DoS/2026-27/426 DoS.CO.PPG.20/11.01.005/2026-27 July 31, 2026 Reserve Bank of India (Payments Banks - Compliance Function) Directions, 2026 Table of Contents Introduction Chapter I - Preliminary A",DOS,https://rbidocs.rbi.org.in/rdocs/notification/PDFs/426MDAC33102EE3FA40DA842AAF54921D76DD.PDF,July-31-2026_reserve-bank-of-india-payments-banks-compliance-function-dir.pdf
13626,"Reserve Bank of India (Payments Banks – Concurrent Audit) Directions, 2026","July 31, 2026","RBI/DoS/2026-27/427 DoS.CO.ARG.21/08.91.021/2026-27 July 31, 2026 Reserve Bank of India (Payments Banks – Concurrent Audit) Directions, 2026 Table of Contents Chapter I - Preliminary A. Short Title an",DOS,https://rbidocs.rbi.org.in/rdocs/notification/PDFs/427MD7FCE1B261A9043DC9F6B526DAC24BCF3.PDF,July-31-2026_reserve-bank-of-india-payments-banks-concurrent-audit-direct.pdf
13625,"Reserve Bank of India (Payments Banks - Cybersecurity, Technology: Risk, Resilience and Assurance Framework) Directions, 2026","July 31, 2026","RBI/DoS/2026-27/428 DoS.CO.CSITEG.22/31.01.015/2026-27 July 31, 2026 Reserve Bank of India (Payments Banks - Cybersecurity, Technology: Risk, Resilience and Assurance Framework) Directions, 2026 Table",DOS,https://rbidocs.rbi.org.in/rdocs/notification/PDFs/428MD47757204F5E54CE99FB1E19E8C458655.PDF,July-31-2026_reserve-bank-of-india-payments-banks-cybersecurity-technolog.pdf
13624,"Reserve Bank of India (Payments Banks – Digital Payment Security Controls) Directions, 2026","July 31, 2026","RBI/DoS/2026-27/429 DoS.CO.CSITEG.23/31.01.015/2026-27 July 31, 2026 Reserve Bank of India (Payments Banks – Digital Payment Security Controls) Directions, 2026 Table of Contents Chapter I - Prelimina",DOS,https://rbidocs.rbi.org.in/rdocs/notification/PDFs/429MD335484C7D27C4AC58720D636CA735A25.PDF,July-31-2026_reserve-bank-of-india-payments-banks-digital-payment-securit.pdf
13623,"Reserve Bank of India (Payments Banks – Fraud Risk Management) Directions, 2026","July 31, 2026","RBI/DoS/2026-27/430 DoS.CO.FMG.24/23.04.001/2026-27 July 31, 2026 Reserve Bank of India (Payments Banks – Fraud Risk Management) Directions, 2026 Table of Contents Chapter I - Preliminary A. Short Tit",DOS,https://rbidocs.rbi.org.in/rdocs/notification/PDFs/430MD8AFE9055BACE46968BC6E8CB3112471B.PDF,July-31-2026_reserve-bank-of-india-payments-banks-fraud-risk-management-d.pdf
13622,"Reserve Bank of India (Payments Banks - Internal Audit Function) Directions, 2026","July 31, 2026","RBI/DoS/2026-27/431 DoS.CO.PPG.25/11.01.005/2026-27 July 31, 2026 Reserve Bank of India (Payments Banks - Internal Audit Function) Directions, 2026 Table of Contents Introduction Chapter I - Prelimina",DOS,https://rbidocs.rbi.org.in/rdocs/notification/PDFs/431MDACE5BE38F43D4579B03E9DF6F96DA7B7.PDF,July-31-2026_reserve-bank-of-india-payments-banks-internal-audit-function.pdf
13621,"Reserve Bank of India (Payments Banks – Statutory Audit) Directions, 2026","July 31, 2026","RBI/DoS/2026-27/432 DoS.CO.ARG.26/08.91.001/2026-27 July 31, 2026 Reserve Bank of India (Payments Banks – Statutory Audit) Directions, 2026 Table of Contents Chapter I - Preliminary A. Short Title and",DOS,https://rbidocs.rbi.org.in/rdocs/notification/PDFs/432MD02061AE612F1453BAD8A821EBECC8F58.PDF,July-31-2026_reserve-bank-of-india-payments-banks-statutory-audit-directi.pdf
13620,"Reserve Bank of India (Payments Banks - Supervisory Returns) Directions, 2026","July 31, 2026","RBI/DoS/2026-27/433 DoS.CO.DSG.27/33.01.001/2026-27 July 31, 2026 Reserve Bank of India (Payments Banks - Supervisory Returns) Directions, 2026 Table of Contents Chapter I - Preliminary A. Short Title",DOS,https://rbidocs.rbi.org.in/rdocs/notification/PDFs/433MD144CFE8D6C744FDABF82F09A06E54704.PDF,July-31-2026_reserve-bank-of-india-payments-banks-supervisory-returns-dir.pdf
13619,"Reserve Bank of India (Payments Banks – Miscellaneous) Supervisory Directions, 2026","July 31, 2026","RBI/DoS/2026-27/434 DoS.CO.PPG.28/11.01.005/2026-27 July 31, 2026 Reserve Bank of India (Payments Banks – Miscellaneous) Supervisory Directions, 2026 Table of Contents Chapter I - Preliminary A. Short",DOS,https://rbidocs.rbi.org.in/rdocs/notification/PDFs/434MDB0864F4A89F445818734DA5107794020.PDF,July-31-2026_reserve-bank-of-india-payments-banks-miscellaneous-superviso.pdf
13618,"Reserve Bank of India (Urban Co-operative Banks - Compliance Function) Directions, 2026","July 31, 2026","RBI/DoS/2026-27/435 DoS.CO.PPG.29/11.01.005/2026-27 July 31, 2026 Reserve Bank of India (Urban Co-operative Banks - Compliance Function) Directions, 2026 Table of Contents Introduction Chapter I - Pre",DOS,https://rbidocs.rbi.org.in/rdocs/notification/PDFs/435MD3E78BD10EF6B4B0D8E7A686F5515990E.PDF,July-31-2026_reserve-bank-of-india-urban-co-operative-banks-compliance-fu.pdf
13617,"Reserve Bank of India (Urban Co-operative Banks – Concurrent Audit) Directions, 2026","July 31, 2026","RBI/DoS/2026-27/436 DoS.CO.ARG.30/08.91.021/2026-27 July 31, 2026 Reserve Bank of India (Urban Co-operative Banks – Concurrent Audit) Directions, 2026 Table of Contents Chapter I - Preliminary A. Shor",DOS,https://rbidocs.rbi.org.in/rdocs/notification/PDFs/436MD1749C7AECBD84DA589A814082520A61A.PDF,July-31-2026_reserve-bank-of-india-urban-co-operative-banks-concurrent-au.pdf
13616,"Reserve Bank of India (Urban Co-operative Banks – Cybersecurity, Technology: Risk, Resilience and Assurance Framework) Directions, 2026","July 31, 2026","RBI/DoS/2026-27/437 DoS.CO.CSITEG.31/31.01.015/2026-27 July 31, 2026 Reserve Bank of India (Urban Co-operative Banks – Cybersecurity, Technology: Risk, Resilience and Assurance Framework) Directions,",DOS,https://rbidocs.rbi.org.in/rdocs/notification/PDFs/437MDA9AD9C6F79B74CC8ABD98AAB32B1CD7D.PDF,July-31-2026_reserve-bank-of-india-urban-co-operative-banks-cybersecurity.pdf
13615,"Reserve Bank of India (Urban Co-operative Banks – Digital Payment Security Controls) Directions, 2026","July 31, 2026","RBI/DoS/2026-27/438 DoS.CO.CSITEG.32/31.01.015/2026-27 July 31, 2026 Reserve Bank of India (Urban Co-operative Banks – Digital Payment Security Controls) Directions, 2026 Table of Contents Chapter I -",DOS,https://rbidocs.rbi.org.in/rdocs/notification/PDFs/438MDD999C3E155F8479AA7075B10FAF82870.PDF,July-31-2026_reserve-bank-of-india-urban-co-operative-banks-digital-payme.pdf
13614,"Reserve Bank of India (Urban Co-operative Banks – Fraud Risk Management) Directions, 2026","July 31, 2026","RBI/DoS/2026-27/439 DoS.CO.FMG.33/23.04.001/2026-27 July 31, 2026 Reserve Bank of India (Urban Co-operative Banks – Fraud Risk Management) Directions, 2026 Table of Contents Chapter I - Preliminary A.",DOS,https://rbidocs.rbi.org.in/rdocs/notification/PDFs/439MD31E8DC47A27C4FE6B43005D22E4F6CB7.PDF,July-31-2026_reserve-bank-of-india-urban-co-operative-banks-fraud-risk-ma.pdf
13613,"Reserve Bank of India (Urban Co-operative Banks - Internal Audit Function) Directions, 2026","July 31, 2026","RBI/DoS/2026-27/440 DoS.CO.PPG.34/11.01.005/2026-27 July 31, 2026 Reserve Bank of India (Urban Co-operative Banks - Internal Audit Function) Directions, 2026 Table of Contents Introduction Chapter I -",DOS,https://rbidocs.rbi.org.in/rdocs/notification/PDFs/440MDAD4DA76A732549728DFC3DC643051CA0.PDF,July-31-2026_reserve-bank-of-india-urban-co-operative-banks-internal-audi.pdf
13612,"Reserve Bank of India (Urban Co-operative Banks - Statutory Audit) Directions, 2026","July 31, 2026","RBI/DoS/2026-27/441 DoS.CO.ARG.35/08.91.001/2026-27 July 31, 2026 Reserve Bank of India (Urban Co-operative Banks - Statutory Audit) Directions, 2026 Table of Contents Chapter I - Preliminary A. Short",DOS,https://rbidocs.rbi.org.in/rdocs/notification/PDFs/441MD53753CC8209F499E84242D70BF5AAB9F.PDF,July-31-2026_reserve-bank-of-india-urban-co-operative-banks-statutory-aud.pdf
13611,"Reserve Bank of India (Urban Co-operative Banks - Supervisory Returns) Directions, 2026","July 31, 2026","RBI/DoS/2026-27/442 DoS.CO.DSG.36/33.01.001/2026-27 July 31, 2026 Reserve Bank of India (Urban Co-operative Banks - Supervisory Returns) Directions, 2026 Table of Contents Chapter I - Preliminary A. S",DOS,https://rbidocs.rbi.org.in/rdocs/notification/PDFs/442MD0BA25C6023EF4C10A10B90D638D6B00D.PDF,July-31-2026_reserve-bank-of-india-urban-co-operative-banks-supervisory-r.pdf
13610,"Reserve Bank of India (Urban Co-operative Banks - Miscellaneous) Supervisory Directions, 2026","July 31, 2026","RBI/DoS/2026-27/443 DoS.CO.PPG.37/11.01.005/2026-27 July 31, 2026 c Table of Contents Chapter I - Preliminary A. Short Title and Commencement B. Applicability C. Definitions Chapter II - Core Banking",DOS,https://rbidocs.rbi.org.in/rdocs/notification/PDFs/443MD40CA627030B44C78A2B73D3CE3BE4E98.PDF,July-31-2026_reserve-bank-of-india-urban-co-operative-banks-miscellaneous.pdf
13609,"Reserve Bank of India (Local Area Banks - Compliance Function) Directions, 2026","July 31, 2026","RBI/DoS/2026-27/444 DoS.CO.PPG.38/11.01.005/2026-27 July 31, 2026 Reserve Bank of India (Local Area Banks - Compliance Function) Directions, 2026 Table of Contents Introduction Chapter I - Preliminary",DOS,https://rbidocs.rbi.org.in/rdocs/notification/PDFs/444MDF1F447E6FD10463DAEDCAA55AEBC11ED.PDF,July-31-2026_reserve-bank-of-india-local-area-banks-compliance-function-d.pdf
13608,"Reserve Bank of India (Local Area Banks – Concurrent Audit) Directions, 2026","July 31, 2026","RBI/DoS/2026-27/445 DoS.CO.ARG.39/08.91.021/2026-27 July 31, 2026 Reserve Bank of India (Local Area Banks – Concurrent Audit) Directions, 2026 Table of Contents Chapter I - Preliminary A. Short Title",DOS,https://rbidocs.rbi.org.in/rdocs/notification/PDFs/445MD0C4C20C6998646ABAC1E8634D932999D.PDF,July-31-2026_reserve-bank-of-india-local-area-banks-concurrent-audit-dire.pdf
13607,"Reserve Bank of India (Local Area Banks – Fraud Risk Management) Directions, 2026","July 31, 2026","RBI/DoS/2026-27/446 DoS.CO.FMG.40/23.04.001/2026-27 July 31, 2026 Reserve Bank of India (Local Area Banks – Fraud Risk Management) Directions, 2026 Table of Contents Chapter I - Preliminary A. Short T",DOS,https://rbidocs.rbi.org.in/rdocs/notification/PDFs/446MDF0DB1395806B4600842005FCA98583BE.PDF,July-31-2026_reserve-bank-of-india-local-area-banks-fraud-risk-management.pdf
13606,"Reserve Bank of India (Local Area Banks - Internal Audit Function) Directions, 2026","July 31, 2026","RBI/DoS/2026-27/447 DoS.CO.PPG.41/11.01.005/2026-27 July 31, 2026 Reserve Bank of India (Local Area Banks - Internal Audit Function) Directions, 2026 Table of Contents Introduction Chapter I - Prelimi",DOS,https://rbidocs.rbi.org.in/rdocs/notification/PDFs/447MDBF165A2602F944F79E739038F8807402.PDF,July-31-2026_reserve-bank-of-india-local-area-banks-internal-audit-functi.pdf
13605,"Reserve Bank of India (Local Area Banks – Statutory Audit) Directions, 2026","July 31, 2026","RBI/DoS/2026-27/448 DoS.CO.ARG.42/08.91.001/2026-27 July 31, 2026 Reserve Bank of India (Local Area Banks – Statutory Audit) Directions, 2026 Table of Contents Chapter I - Preliminary A. Short Title a",DOS,https://rbidocs.rbi.org.in/rdocs/notification/PDFs/448MDEB239D081FB94715A7DA64D5F34CC51D.PDF,July-31-2026_reserve-bank-of-india-local-area-banks-statutory-audit-direc.pdf
13604,"Reserve Bank of India (Local Area Banks - Supervisory Returns) Directions, 2026","July 31, 2026","RBI/DoS/2026-27/449 DoS.CO.DSG.43/33.01.001/2026-27 July 31, 2026 Reserve Bank of India (Local Area Banks - Supervisory Returns) Directions, 2026 Table of Contents Chapter I - Preliminary A. Short Tit",DOS,https://rbidocs.rbi.org.in/rdocs/notification/PDFs/449MD116AEA06D1C141EDA717FDD5B72BB988.PDF,July-31-2026_reserve-bank-of-india-local-area-banks-supervisory-returns-d.pdf
13603,"Reserve Bank of India (Local Area Banks – Miscellaneous) Supervisory Directions, 2026","July 31, 2026","RBI/DoS/2026-27/450 DoS.CO.PPG.44/11.01.005/2026-27 July 31, 2026 Reserve Bank of India (Local Area Banks – Miscellaneous) Supervisory Directions, 2026 Table of Contents Chapter I - Preliminary A. Sho",DOS,https://rbidocs.rbi.org.in/rdocs/notification/PDFs/450MD9EEAB01F633148768CC03DEEA746654E.PDF,July-31-2026_reserve-bank-of-india-local-area-banks-miscellaneous-supervi.pdf
13602,"Reserve Bank of India (Rural Co-operative Banks – Fraud Risk Management) Directions, 2026","July 31, 2026","RBI/DoS/2026-27/451 DoS.CO.FMG.45/23.04.001/2026-27 July 31, 2026 Reserve Bank of India (Rural Co-operative Banks – Fraud Risk Management) Directions, 2026 Table of Contents Chapter I - Preliminary A.",DOS,https://rbidocs.rbi.org.in/rdocs/notification/PDFs/451MD722AF863DDEA43F29EA4828F2038670D.PDF,July-31-2026_reserve-bank-of-india-rural-co-operative-banks-fraud-risk-ma.pdf
13601,"Reserve Bank of India (Rural Co-operative Banks - Statutory Audit) Directions, 2026","July 31, 2026","RBI/DoS/2026-27/452 DoS.CO.ARG.46/08.91.001/2026-27 July 31, 2026 Reserve Bank of India (Rural Co-operative Banks - Statutory Audit) Directions, 2026 Table of Contents Chapter I - Preliminary A. Short",DOS,https://rbidocs.rbi.org.in/rdocs/notification/PDFs/452MD687C391BD41D4A4BA803192EC00E5334.PDF,July-31-2026_reserve-bank-of-india-rural-co-operative-banks-statutory-aud.pdf
13600,"Reserve Bank of India (Rural Co-operative Banks - Miscellaneous) Supervisory Directions, 2026","July 31, 2026","RBI/DoS/2026-27/453 DoS.CO.PPG.47/11.01.005/2026-27 July 31, 2026 Reserve Bank of India (Rural Co-operative Banks - Miscellaneous) Supervisory Directions, 2026 Table of Contents Chapter I - Preliminar",DOS,https://rbidocs.rbi.org.in/rdocs/notification/PDFs/453MD62DE2F74F5754FF89FCE75096ADFA2AF.PDF,July-31-2026_reserve-bank-of-india-rural-co-operative-banks-miscellaneous.pdf
13599,"Reserve Bank of India (Regional Rural Banks – Fraud Risk Management) Directions, 2026","July 31, 2026","RBI/DoS/2026-27/454 DoS.CO.FMG.48/23.04.001/2026-27 July 31, 2026 Reserve Bank of India (Regional Rural Banks – Fraud Risk Management) Directions, 2026 Table of Contents Chapter I - Preliminary A. Sho",DOS,https://rbidocs.rbi.org.in/rdocs/notification/PDFs/454MD3627FA91C182430CB1E49367CA5A9896.PDF,July-31-2026_reserve-bank-of-india-regional-rural-banks-fraud-risk-manage.pdf
13598,"Reserve Bank of India (Regional Rural Banks - Miscellaneous) Supervisory Directions, 2026","July 31, 2026","RBI/DoS/2026-27/455 DoS.CO.PPG.49/11.01.005/2026-27 July 31, 2026 Reserve Bank of India (Regional Rural Banks - Miscellaneous) Supervisory Directions, 2026 Table of Contents Chapter I - Preliminary A.",DOS,https://rbidocs.rbi.org.in/rdocs/notification/PDFs/455MDC05EBF7DB224411BA9BCFB752F1AA5C3.PDF,July-31-2026_reserve-bank-of-india-regional-rural-banks-miscellaneous-sup.pdf
13597,"Reserve Bank of India (All India Financial Institutions – Cybersecurity, Technology: Risk, Resilience and Assurance Framework) Directions, 2026","July 31, 2026","RBI/DoS/2026-27/456 DoS.CO.CSITEG.50 /31.01.015/2026-27 July 31, 2026 Reserve Bank of India (All India Financial Institutions – Cybersecurity, Technology: Risk, Resilience and Assurance Framework) Dir",DOS,https://rbidocs.rbi.org.in/rdocs/notification/PDFs/456MDC4C94C45185348009970C11F344F27C4.PDF,July-31-2026_reserve-bank-of-india-all-india-financial-institutions-cyber.pdf
13596,"Reserve Bank of India (All India Financial Institutions – Fraud Risk Management) Directions, 2026","July 31, 2026","RBI/DoS/2026-27/457 DoS.CO.FMG.51/23.04.001/2026-27 July 31, 2026 Reserve Bank of India (All India Financial Institutions – Fraud Risk Management) Directions, 2026 Table of Contents Chapter I - Prelim",DOS,https://rbidocs.rbi.org.in/rdocs/notification/PDFs/457MDAC203EBBDF604A81958E02BB2C4BB1B1.PDF,July-31-2026_reserve-bank-of-india-all-india-financial-institutions-fraud.pdf
13595,"Reserve Bank of India (All India Financial Institutions - Supervisory Returns) Directions, 2026","July 31, 2026","RBI/DoS/2026-27/458 DoS.CO.DSG.52/33.01.001/2026-27 July 31, 2026 Reserve Bank of India (All India Financial Institutions - Supervisory Returns) Directions, 2026 Table of Contents Chapter I - Prelimin",DOS,https://rbidocs.rbi.org.in/rdocs/notification/PDFs/458MD364EFCA1964B4A9D88DBC6F0D774C920.PDF,July-31-2026_reserve-bank-of-india-all-india-financial-institutions-super.pdf
13594,"Reserve Bank of India (All India Financial Institutions - Miscellaneous) Supervisory Directions, 2026","July 31, 2026","RBI/DoS/2026-27/459 DoS.CO.PPG.53/11.01.005/2026-27 July 31, 2026 Reserve Bank of India (All India Financial Institutions - Miscellaneous) Supervisory Directions, 2026 Table of Contents Chapter I - Pr",DOS,https://rbidocs.rbi.org.in/rdocs/notification/PDFs/459MD246DBC64D787490CA734181844D21432.PDF,July-31-2026_reserve-bank-of-india-all-india-financial-institutions-misce.pdf
13593,"Reserve Bank of India (Non-Banking Financial Companies - Compliance Function) Directions, 2026","July 31, 2026","RBI/DoS/2026-27/460 DoS.CO.PPG.54/11.01.005/2026-27 July 31, 2026 Reserve Bank of India (Non-Banking Financial Companies - Compliance Function) Directions, 2026 Table of Contents Introduction Chapter",DOS,https://rbidocs.rbi.org.in/rdocs/notification/PDFs/460MD930686EC27D04B4AA9DF4A3481CDD465.PDF,July-31-2026_reserve-bank-of-india-non-banking-financial-companies-compli.pdf
13592,"Reserve Bank of India (Non-Banking Financial Companies – Cybersecurity, Technology: Risk, Resilience and Assurance Framework) Directions, 2026","July 31, 2026","RBI/DoS/2026-27/461 DoS.CO.CSITEG.55/31.01.015/2026-27 July 31, 2026 Reserve Bank of India (Non-Banking Financial Companies – Cybersecurity, Technology: Risk, Resilience and Assurance Framework) Direc",DOS,https://rbidocs.rbi.org.in/rdocs/notification/PDFs/461MD9FAF2CD7550844EE9A70C884DBE4A8A6.PDF,July-31-2026_reserve-bank-of-india-non-banking-financial-companies-cybers.pdf
13591,"Reserve Bank of India (Non-Banking Financial Companies – Digital Payment Security Controls) Directions, 2026","July 31, 2026","RBI/DoS/2026-27/462 DoS.CO.CSITEG.56/31.01.015/2026-27 July 31, 2026 Reserve Bank of India (Non-Banking Financial Companies – Digital Payment Security Controls) Directions, 2026 Table of Contents Chap",DOS,https://rbidocs.rbi.org.in/rdocs/notification/PDFs/462MD7323FF342D124FAF9BC3B3F7E4F837A5.PDF,July-31-2026_reserve-bank-of-india-non-banking-financial-companies-digita.pdf
13590,"Reserve Bank of India (Non-Banking Financial Companies– Fraud Risk Management) Directions, 2026",,,UNKNOWN,https://rbidocs.rbi.org.in/rdocs/notification/PDFs/463MDC5167A28A3B24A2B856804E201261635.PDF,nodate_reserve-bank-of-india-non-banking-financial-companies-fraud-.pdf
13589,"Reserve Bank of India (Non-Banking Financial Companies - Internal Audit Function) Directions, 2026","July 31, 2026","RBI/DoS/2026-27/464 DoS.CO.PPG.58/11.01.005/2026-27 July 31, 2026 Reserve Bank of India (Non-Banking Financial Companies - Internal Audit Function) Directions, 2026 Table of Contents Introduction Chap",DOS,https://rbidocs.rbi.org.in/rdocs/notification/PDFs/464MD4F5E2EE83BB848DFB6B3475F8B91F45B.PDF,July-31-2026_reserve-bank-of-india-non-banking-financial-companies-intern.pdf
13588,"Reserve Bank of India (Non-Banking Financial Companies - Statutory Audit) Directions, 2026",,,UNKNOWN,https://rbidocs.rbi.org.in/rdocs/notification/PDFs/465MD03A0FCE0832642DDAAE82DB2FBC920C8.PDF,nodate_reserve-bank-of-india-non-banking-financial-companies-statut.pdf
13587,"Reserve Bank of India (Non-Banking Financial Companies - Supervisory Returns) Directions, 2026",,,UNKNOWN,https://rbidocs.rbi.org.in/rdocs/notification/PDFs/466MD8895831DD9DF4F4ABD6342045EB4509C.PDF,nodate_reserve-bank-of-india-non-banking-financial-companies-superv.pdf
13586,"Reserve Bank of India (Non-Banking Financial Companies – Miscellaneous) Supervisory Directions, 2026",,,UNKNOWN,https://rbidocs.rbi.org.in/rdocs/notification/PDFs/467MD9CF8CD4ED6364DEEAB5E2638BC39ABA8.PDF,nodate_reserve-bank-of-india-non-banking-financial-companies-miscel.pdf
13585,"Reserve Bank of India (Non-Banking Financial Companies - Auditor’s Report) Directions, 2026",,,UNKNOWN,https://rbidocs.rbi.org.in/rdocs/notification/PDFs/468MDF194492AB28E4600BEA9DFBF8D32CC13.PDF,nodate_reserve-bank-of-india-non-banking-financial-companies-audito.pdf
13584,"Reserve Bank of India (Asset Reconstruction Companies - Supervisory Returns) Directions, 2026",,,UNKNOWN,https://rbidocs.rbi.org.in/rdocs/notification/PDFs/469MDD14C26A537384DFA85C27DFF81A91765.PDF,nodate_reserve-bank-of-india-asset-reconstruction-companies-supervi.pdf
13583,"Reserve Bank of India (Credit Information Companies – Cybersecurity, Technology: Risk, Resilience and Assurance Framework) Directions, 2026",,,UNKNOWN,https://rbidocs.rbi.org.in/rdocs/notification/PDFs/470MD9D03D4E25E864955B59B7A17DA164DB9.PDF,nodate_reserve-bank-of-india-credit-information-companies-cybersecu.pdf
13582,"Reserve Bank of India (Credit Information Companies - Miscellaneous) Supervisory Directions, 2026",,,UNKNOWN,https://rbidocs.rbi.org.in/rdocs/notification/PDFs/471MD76C394F39ABC4C0998D865E923481A06.PDF,nodate_reserve-bank-of-india-credit-information-companies-miscellan.pdf
13581,Special Rupee Vostro Accounts (SRVAs),"July 17, 2026","RBI/2026-27/203 A.P. (DIR Series) Circular No.19 July 17, 2026 To, All Authorised Dealer Category-I banks Madam/Sir Special Rupee Vostro Accounts (SRVAs) Attention of authorised dealer banks is invite",UNKNOWN,https://rbidocs.rbi.org.in/rdocs/notification/PDFs/NOTI2033D4B28F9A3A54B548FF6B13A8E8F5355.PDF,July-17-2026_special-rupee-vostro-accounts-srvas.pdf
13580,"Reserve Bank of India (Local Area Banks – Income Recognition, Asset Classification and Provisioning) Second Amendment Directions, 2026","July 16, 2026","RBI/2026-27/202 DOR.STR.REC.167/21-04-048/2026-27 July 16, 2026 Reserve Bank of India (Local Area Banks – Income Recognition, Asset Classification and Provisioning) Second Amendment Directions, 2026 P",DOR,https://rbidocs.rbi.org.in/rdocs/notification/PDFs/NT202C175F4B078794171A4C0373CBEA2EB78.PDF,July-16-2026_reserve-bank-of-india-local-area-banks-income-recognition-as.pdf
13579,"Reserve Bank of India (Regional Rural Banks – Income Recognition, Asset Classification and Provisioning) Second Amendment Directions, 2026","July 16, 2026","RBI/2026-27/201 DOR.STR.REC.166/21-04-048/2026-27 July 16, 2026 Reserve Bank of India (Regional Rural Banks – Income Recognition, Asset Classification and Provisioning) Second Amendment Directions, 20",DOR,https://rbidocs.rbi.org.in/rdocs/notification/PDFs/NT2017A51C1C911F74F959899F6F29D5BE66C.PDF,July-16-2026_reserve-bank-of-india-regional-rural-banks-income-recognitio.pdf
13578,"Reserve Bank of India (Rural Co-operative Banks – Income Recognition, Asset Classification and Provisioning) Third Amendment Directions, 2026","July 16, 2026","RBI/2026-27/200 DOR.STR.REC.165/21-04-048/2026-27 July 16, 2026 Reserve Bank of India (Rural Co-operative Banks – Income Recognition, Asset Classification and Provisioning) Third Amendment Directions,",DOR,https://rbidocs.rbi.org.in/rdocs/notification/PDFs/NT200854D69DFD8154AC2B98D26E4A461808D.PDF,July-16-2026_reserve-bank-of-india-rural-co-operative-banks-income-recogn.pdf
13577,"Reserve Bank of India (Urban Cooperative Banks – Income Recognition, Asset Classification and Provisioning) Second Amendment Directions, 2026","July 16, 2026","RBI/2026-27/199 DOR.STR.REC.164/21-04-048/2026-27 July 16, 2026 Reserve Bank of India (Urban Cooperative Banks – Income Recognition, Asset Classification and Provisioning) Second Amendment Directions,",DOR,https://rbidocs.rbi.org.in/rdocs/notification/PDFs/NT19989F883C694BB4C2E8ABD8BA49F20A3C4.PDF,July-16-2026_reserve-bank-of-india-urban-cooperative-banks-income-recogni.pdf
13576,"Reserve Bank of India (All India Financial Institutions – Income Recognition, Asset Classification and Provisioning) Second Amendment Directions, 2026","July 16, 2026","RBI/2026-27/198 DOR.STR.REC.163/21-04-048/2026-27 July 16, 2026 Reserve Bank of India (All India Financial Institutions – Income Recognition, Asset Classification and Provisioning) Second Amendment Di",DOR,https://rbidocs.rbi.org.in/rdocs/notification/PDFs/NT198087D594FD4634A978595D260D80270BF.PDF,July-16-2026_reserve-bank-of-india-all-india-financial-institutions-incom.pdf
13575,"Reserve Bank of India (Non-Banking Financial Companies Income Recognition, Asset Classification and Provisioning) Third Amendment Directions, 2026","July 16, 2026","RBI/2026-27/197 DOR.STR.REC.162/21-04-048/2026-27 July 16, 2026 Reserve Bank of India (Non-Banking Financial Companies Income Recognition, Asset Classification and Provisioning) Third Amendment Direct",DOR,https://rbidocs.rbi.org.in/rdocs/notification/PDFs/NT1971DF66377C8CD4547B9B1A1DF6C209B58.PDF,July-16-2026_reserve-bank-of-india-non-banking-financial-companies-income.pdf
13574,"Reserve Bank of India (Small Finance Banks – Income Recognition, Asset Classification and Provisioning) Second Amendment Directions, 2026","July 16, 2026","RBI/2026-27/196 DOR.STR.REC.161/21-04-048/2026-27 July 16, 2026 Reserve Bank of India (Small Finance Banks – Income Recognition, Asset Classification and Provisioning) Second Amendment Directions, 202",DOR,https://rbidocs.rbi.org.in/rdocs/notification/PDFs/NT196D3CCC06F1B4A44579C87D29949CAF152.PDF,July-16-2026_reserve-bank-of-india-small-finance-banks-income-recognition.pdf
13573,"Reserve Bank of India (Commercial Banks – Income Recognition, Asset Classification and Provisioning) Second Amendment Directions, 2026","July 16, 2026","RBI/2026-27/195 DOR.STR.REC.160/21-04-048/2026-27 July 16, 2026 Reserve Bank of India (Commercial Banks – Income Recognition, Asset Classification and Provisioning) Second Amendment Directions, 2026 P",DOR,https://rbidocs.rbi.org.in/rdocs/notification/PDFs/NT19531097A99C4354D2E9DAAB1FD63111217.PDF,July-16-2026_reserve-bank-of-india-commercial-banks-income-recognition-as.pdf
13572,"Reserve Bank of India (Local Area Banks – Resolution of Stressed Assets) Second Amendment Directions, 2026","July 16, 2026","RBI/2026-27/194 DOR.STR.REC.175/21-04-048/2026-27 July 16, 2026 Reserve Bank of India (Local Area Banks – Resolution of Stressed Assets) Second Amendment Directions, 2026 Please refer to Reserve Bank",DOR,https://rbidocs.rbi.org.in/rdocs/notification/PDFs/NT1943A84A8F8590C4526836504B313DF5299.PDF,July-16-2026_reserve-bank-of-india-local-area-banks-resolution-of-stresse.pdf
13571,"Reserve Bank of India (Regional Rural Banks – Resolution of Stressed Assets) Second Amendment Directions, 2026","July 16, 2026","RBI/2026-27/193 DOR.STR.REC.174/21-04-048/2026-27 July 16, 2026 Reserve Bank of India (Regional Rural Banks – Resolution of Stressed Assets) Second Amendment Directions, 2026 Please refer to Reserve B",DOR,https://rbidocs.rbi.org.in/rdocs/notification/PDFs/NT193DBC7BF27AF084E1A9F82B480600F94D4.PDF,July-16-2026_reserve-bank-of-india-regional-rural-banks-resolution-of-str.pdf
13570,"Reserve Bank of India (Rural Co-operative Banks – Resolution of Stressed Assets) Second Amendment Directions, 2026","July 16, 2026","RBI/2026-27/192 DOR.STR.REC.173/21-04-048/2026-27 July 16, 2026 Reserve Bank of India (Rural Co-operative Banks – Resolution of Stressed Assets) Second Amendment Directions, 2026 Please refer to Reser",DOR,https://rbidocs.rbi.org.in/rdocs/notification/PDFs/NT1923576BC765E92462A9CD777037BD2FFAB.PDF,July-16-2026_reserve-bank-of-india-rural-co-operative-banks-resolution-of.pdf
13569,"Reserve Bank of India (Urban Co-operative Banks – Resolution of Stressed Assets) Third Amendment Directions, 2026","July 16, 2026","RBI/2026-27/191 DOR.STR.REC.172/21-04-048/2026-27 July 16, 2026 Reserve Bank of India (Urban Co-operative Banks – Resolution of Stressed Assets) Third Amendment Directions, 2026 Please refer to Reserv",DOR,https://rbidocs.rbi.org.in/rdocs/notification/PDFs/NT1916038B50A1B9B40C59E86CD6F5206BD2F.PDF,July-16-2026_reserve-bank-of-india-urban-co-operative-banks-resolution-of.pdf
13568,"Reserve Bank of India (All India Financial Institutions – Resolution of Stressed Assets) Second Amendment Directions, 2026","July 16, 2026","RBI/2026-27/190 DOR.STR.REC.171/21-04-048/2026-27 July 16, 2026 Reserve Bank of India (All India Financial Institutions – Resolution of Stressed Assets) Second Amendment Directions, 2026 Please refer",DOR,https://rbidocs.rbi.org.in/rdocs/notification/PDFs/NT190D49E5E42441746B49EE816FACB628266.PDF,July-16-2026_reserve-bank-of-india-all-india-financial-institutions-resol.pdf
13567,"Reserve Bank of India (Non-Banking Financial Companies – Resolution of Stressed Assets) Second Amendment Directions, 2026","July 16, 2026","RBI/2026-27/189 DOR.STR.REC.170/21-04-048/2026-27 July 16, 2026 Reserve Bank of India (Non-Banking Financial Companies – Resolution of Stressed Assets) Second Amendment Directions, 2026 Please refer t",DOR,https://rbidocs.rbi.org.in/rdocs/notification/PDFs/NT189F56B9B7E49D84F56A9446AB9B978B2EB.PDF,July-16-2026_reserve-bank-of-india-non-banking-financial-companies-resolu.pdf
13566,"Reserve Bank of India (Small Finance Banks – Resolution of Stressed Assets) Second Amendment Directions, 2026","July 16, 2026","RBI/2026-27/188 DOR.STR.REC.169/21-04-048/2026-27 July 16, 2026 Reserve Bank of India (Small Finance Banks – Resolution of Stressed Assets) Second Amendment Directions, 2026 Please refer to Reserve Ba",DOR,https://rbidocs.rbi.org.in/rdocs/notification/PDFs/NT188015E72362709478EB406ABE81ED79F00.PDF,July-16-2026_reserve-bank-of-india-small-finance-banks-resolution-of-stre.pdf
13565,"Reserve Bank of India (Commercial Banks – Resolution of Stressed Assets) Third Amendment Directions, 2026","July 16, 2026","RBI/2026-27/187 DOR.STR.REC.168/21-04-048/2026-27 July 16, 2026 Reserve Bank of India (Commercial Banks – Resolution of Stressed Assets) Third Amendment Directions, 2026 Please refer to Reserve Bank o",DOR,https://rbidocs.rbi.org.in/rdocs/notification/PDFs/NT187A63B1C730CB2466A816A3468F005A157.PDF,July-16-2026_reserve-bank-of-india-commercial-banks-resolution-of-stresse.pdf
13564,"Designation of 23 individuals under clause (a) of sub-section (1) and sub-section (2) of section 35 of the Unlawful Activities (Prevention) Act, 1967 and listed in the Fourth Schedule of the Act","July 15, 2026","RBI/2026-27/186 DOR.AML.REC.159/14.06.001/2026-27 July 15, 2026 The Chairpersons/ CEOs of the Commercial Banks, Small Finance Banks, Payment Banks, Urban Co-operative Banks, Rural Co-operative Banks,",DOR,https://rbidocs.rbi.org.in/rdocs/notification/PDFs/NT186814ABE7F5C23416AAC1C57C5EE9DBF15.PDF,July-15-2026_designation-of-23-individuals-under-clause-a-of-sub-section-.pdf
13563,"Reserve Bank of India (Urban Cooperative Banks – Credit Facilities) Second Amendment Directions, 2026","July 15, 2026","RBI/2026-27/185 DOR.STR.REC.158/21-04-048/2026-27 July 15, 2026 Reserve Bank of India (Urban Cooperative Banks – Credit Facilities) Second Amendment Directions, 2026 Please refer to Reserve Bank of In",DOR,https://rbidocs.rbi.org.in/rdocs/notification/PDFs/185UCB15072026075484AC2C784C5FB2A0CF49E88B5724.PDF,July-15-2026_reserve-bank-of-india-urban-cooperative-banks-credit-facilit.pdf
13562,"Reserve Bank of India (All India Financial Institutions – Credit Facilities) Second Amendment Directions, 2026","July 15, 2026","RBI/2026-27/184 DOR.STR.REC.157/21-04-048/2026-27 July 15, 2026 Reserve Bank of India (All India Financial Institutions – Credit Facilities) Second Amendment Directions, 2026 Please refer to Reserve B",DOR,https://rbidocs.rbi.org.in/rdocs/notification/PDFs/NOTI184F3C3FFDBE4D643398B94B5564A5ADF0C.PDF,July-15-2026_reserve-bank-of-india-all-india-financial-institutions-credi.pdf
13561,"Reserve Bank of India (Non-Banking Financial Companies – Credit Facilities) Second Amendment Directions, 2026","July 15, 2026","RBI/2026-27/183 DOR.STR.REC.156/21-04-048/2026-27 July 15, 2026 Reserve Bank of India (Non-Banking Financial Companies – Credit Facilities) Second Amendment Directions, 2026 Please refer to Reserve Ba",DOR,https://rbidocs.rbi.org.in/rdocs/notification/PDFs/NOTI183EA7400834F5C439AA39944FD0DB7669C.PDF,July-15-2026_reserve-bank-of-india-non-banking-financial-companies-credit.pdf
13560,"Reserve Bank of India (Small Finance Banks – Credit Facilities) Fourth Amendment Directions, 2026","July 15, 2026","RBI/2026-27/182 DOR.STR.REC.155/21-04-048/2026-27 July 15, 2026 Reserve Bank of India (Small Finance Banks – Credit Facilities) Fourth Amendment Directions, 2026 Please refer to Reserve Bank of India",DOR,https://rbidocs.rbi.org.in/rdocs/notification/PDFs/182NTF1B117AAC2BE4EBCA4D6A16253A7D5D9.PDF,July-15-2026_reserve-bank-of-india-small-finance-banks-credit-facilities-.pdf
13559,"Reserve Bank of India (Commercial Banks – Credit Facilities) Fifth Amendment Directions, 2026","July 15, 2026","RBI/2026-27/181 DOR.STR.REC.154/21-04-048/2026-27 July 15, 2026 Reserve Bank of India (Commercial Banks – Credit Facilities) Fifth Amendment Directions, 2026 Please refer to Reserve Bank of India (Com",DOR,https://rbidocs.rbi.org.in/rdocs/notification/PDFs/NT1814DA7B50C04B94179A16A0E9C5FF82E35.PDF,July-15-2026_reserve-bank-of-india-commercial-banks-credit-facilities-fif.pdf
13558,"Reserve Bank of India (Payments Banks – Governance)  Amendment Directions, 2026","July 14, 2026","RBI/2026-27/179 DOR.HGG.GOV.152/29.67.001/2026-27 July 14, 2026 Reserve Bank of India (Payments Banks – Governance) Amendment Directions, 2026 Please refer to the Reserve Bank of India (Payments Banks",DOR,https://rbidocs.rbi.org.in/rdocs/notification/PDFs/179PBSE4E3266D1B704F37A1C3C5805B81DAD3.PDF,July-14-2026_reserve-bank-of-india-payments-banks-governance-amendment-di.pdf
13557,"Reserve Bank of India (Local Area Banks – Governance)  Amendment Directions, 2026","July 14, 2026","RBI/2026-27/180 DOR.HGG.GOV.153/29.67.001/2026-27 July 14, 2026 Reserve Bank of India (Local Area Banks – Governance) Amendment Directions, 2026 Please refer to the Reserve Bank of India (Local Area B",DOR,https://rbidocs.rbi.org.in/rdocs/notification/PDFs/NT180575ECB229A4644A8ABA4A327C1D9E471.PDF,July-14-2026_reserve-bank-of-india-local-area-banks-governance-amendment-.pdf
13556,"Reserve Bank of India (Small Finance Banks – Governance) Amendment Directions, 2026","July 14, 2026","RBI/2026-27/178 DOR.HGG.GOV.151/29.67.001/2026-27 July 14, 2026 Reserve Bank of India (Small Finance Banks – Governance) Amendment Directions, 2026 Please refer to the Reserve Bank of India (Small Fin",DOR,https://rbidocs.rbi.org.in/rdocs/notification/PDFs/NT1780C5CD16BB4DA4A5E9C38D44A7A24E4FC.PDF,July-14-2026_reserve-bank-of-india-small-finance-banks-governance-amendme.pdf
13555,"Reserve Bank of India (Commercial Banks – Governance) Amendment Directions, 2026","July 14, 2026","RBI/2026-27/177 DOR.HGG.GOV.150/29.67.001/2026-27 July 14, 2026 Reserve Bank of India (Commercial Banks – Governance) Amendment Directions, 2026 Please refer to the Reserve Bank of India (Commercial B",DOR,https://rbidocs.rbi.org.in/rdocs/notification/PDFs/NT1772C9F82D1FE8E4ADF8864A476A7523BA9.PDF,July-14-2026_reserve-bank-of-india-commercial-banks-governance-amendment-.pdf
13554,"Implementation of Section 51A of UAPA, 1967: Updates to UNSC’s 1267/ 1989 ISIL (Da'esh) & Al-Qaida Sanctions List: Amendment of 1 Entry","July 09, 2026","RBI/2026-27/176 DOR.AML.REC.149/14.06.001/2026-27 July 09, 2026 The Chairpersons/ CEOs of the Commercial Banks, Small Finance Banks, Payment Banks, Urban Co-operative Banks, Rural Co-operative Banks,",DOR,https://rbidocs.rbi.org.in/rdocs/notification/PDFs/176NTFFD72D303B8F40D993EC9F70BC059075.PDF,July-09-2026_implementation-of-section-51a-of-uapa-1967-updates-to-unscs-.pdf
13553,"Foreign Exchange Management (Deposit) (Sixth Amendment) Regulations, 2026","June 18, 2026",,UNKNOWN,https://rbidocs.rbi.org.in/rdocs/notification/PDFs/EFEMA5R29062026E3BFC156720D4B4A8E338E7CAFEE6D1B.PDF,June-18-2026_foreign-exchange-management-deposit-sixth-amendment-regulati.pdf
13552,"Master Direction – Reserve Bank of India (Credit Derivatives) Directions, 2026","June 25, 2026","RBI/FMRD/2026-27/407 FMRD.DIRD.No.02/14.03.046/2026-27 June 25, 2026 To All participants in credit derivatives markets Dear Sir/Madam, Master Direction – Reserve Bank of India (Credit Derivatives) Dir",FMRD,https://rbidocs.rbi.org.in/rdocs/notification/PDFs/407MD23637C77AC6742318BC8906ED8B98BEC.PDF,June-25-2026_master-direction-reserve-bank-of-india-credit-derivatives-di.pdf
13551,"Review of Circulars issued under Foreign Exchange Management Act, 1999 (FEMA)","June 24, 2026","RBI/2026-27/175 A.P. (DIR Series) Circular No. 18 June 24, 2026 To All Authorised Persons Madam / Sir, Review of Circulars issued under Foreign Exchange Management Act, 1999 (FEMA) In pursuance of the",UNKNOWN,https://rbidocs.rbi.org.in/rdocs/notification/PDFs/NOTI175F6B054B1ED504FC9884DC0F4460A7934.PDF,June-24-2026_review-of-circulars-issued-under-foreign-exchange-management.pdf
13550,"Modification of Returns / Reporting requirements under FEMA, 1999","June 24, 2026","RBI/2026-27/174 A.P. (DIR Series) Circular No.17 June 24, 2026 To All Authorised Persons Madam / Sir, Modification of Returns / Reporting requirements under FEMA, 1999 Attention of Authorised Persons",UNKNOWN,https://rbidocs.rbi.org.in/rdocs/notification/PDFs/NOT174861384D42127405E96F021116C60778E.PDF,June-24-2026_modification-of-returns-reporting-requirements-under-fema-19.pdf
13549,"Reserve Bank of India (Rural Co-operative Banks - Responsible Business Conduct) Third Amendment Directions, 2026","June 24, 2026","RBI/2026-27/173 DOR.MCS.REC.No.136/01-01-038/2026-27 June 24, 2026 Reserve Bank of India (Rural Co-operative Banks - Responsible Business Conduct) Third Amendment Directions, 2026 Instructions on ‘Lim",DOR,https://rbidocs.rbi.org.in/rdocs/notification/PDFs/NT173B7B85DF08236469590207FFC7545E6B8.PDF,June-24-2026_reserve-bank-of-india-rural-co-operative-banks-responsible-b.pdf
13548,"Reserve Bank of India (Urban Co-operative Banks - Responsible Business Conduct) Third Amendment Directions, 2026","June 24, 2026","RBI/2026-27/172 DOR.MCS.REC.No.135/01-01-037/2026-27 June 24, 2026 Reserve Bank of India (Urban Co-operative Banks - Responsible Business Conduct) Third Amendment Directions, 2026 Instructions on ‘Lim",DOR,https://rbidocs.rbi.org.in/rdocs/notification/PDFs/NOTI172128354C5300F4FF685888EABF96789F8.PDF,June-24-2026_reserve-bank-of-india-urban-co-operative-banks-responsible-b.pdf
13547,"Reserve Bank of India (Regional Rural Banks - Responsible Business Conduct) Third Amendment Directions, 2026","June 24, 2026","RBI/2026-27/171 DOR.MCS.REC.No.134/01-01-036/2026-27 June 24, 2026 Reserve Bank of India (Regional Rural Banks - Responsible Business Conduct) Third Amendment Directions, 2026 Instructions on ‘ Custom",DOR,https://rbidocs.rbi.org.in/rdocs/notification/PDFs/NOTI17127907CE7AC8846139741F91BC8E9348E.PDF,June-24-2026_reserve-bank-of-india-regional-rural-banks-responsible-busin.pdf
13546,"Reserve Bank of India (Local Area Banks - Responsible Business Conduct) Third Amendment Directions, 2026","June 24, 2026","RBI/2026-27/170 DOR.MCS.REC.No.133/01-01-035/2026-27 June 24, 2026 Reserve Bank of India (Local Area Banks - Responsible Business Conduct) Third Amendment Directions, 2026 It has been decided to issue",DOR,https://rbidocs.rbi.org.in/rdocs/notification/PDFs/NT1701E6036FCC7454622B637861979437362.PDF,June-24-2026_reserve-bank-of-india-local-area-banks-responsible-business-.pdf
13545,"Reserve Bank of India (Payments Banks - Responsible Business Conduct) Second Amendment Directions, 2026","June 24, 2026","RBI/2026-27/169 DOR.MCS.REC.No.132/01-01-034/2026-27 June 24, 2026 Reserve Bank of India (Payments Banks - Responsible Business Conduct) Second Amendment Directions, 2026 Instructions on ‘Limiting Lia",DOR,https://rbidocs.rbi.org.in/rdocs/notification/PDFs/NOTI169043F03F8D9074E56A2ADBD9C350E7B13.PDF,June-24-2026_reserve-bank-of-india-payments-banks-responsible-business-co.pdf
13544,"Reserve Bank of India (Small Finance Banks - Responsible Business Conduct) Third Amendment Directions, 2026","June 24, 2026","RBI/2026-27/168 DOR.MCS.REC.No.131/01-01-033/2026-27 June 24, 2026 Reserve Bank of India (Small Finance Banks - Responsible Business Conduct) Third Amendment Directions, 2026 Instructions on ‘Limiting",DOR,https://rbidocs.rbi.org.in/rdocs/notification/PDFs/NOTI16893D80C3F0D274A3CA1102BFC081F922C.PDF,June-24-2026_reserve-bank-of-india-small-finance-banks-responsible-busine.pdf
13543,"Reserve Bank of India (Commercial Banks - Responsible Business Conduct) Third Amendment Directions, 2026","June 24, 2026","RBI/2026-27/167 DOR.MCS.REC.No.130/01-01-032/2026-27 June 24, 2026 Reserve Bank of India (Commercial Banks - Responsible Business Conduct) Third Amendment Directions, 2026 Instructions on ‘Limiting Li",DOR,https://rbidocs.rbi.org.in/rdocs/notification/PDFs/NT16738E653AADCEC4217BEFFA92C050F69AD.PDF,June-24-2026_reserve-bank-of-india-commercial-banks-responsible-business-.pdf
13542,"Reserve Bank of India (Non-Banking Financial Companies – Financial Statements: Presentation and Disclosures) Second Amendment Directions, 2026","June 24, 2026","RBI/2026-27/166 DOR.FIN.REC.No.140/03.10.001/2026-27 June 24, 2026 Reserve Bank of India (Non-Banking Financial Companies – Financial Statements: Presentation and Disclosures) Second Amendment Directi",DOR,https://rbidocs.rbi.org.in/rdocs/notification/PDFs/NT166582730AAA08B4B05B7E9EE3D8C80D1F5.PDF,June-24-2026_reserve-bank-of-india-non-banking-financial-companies-financ.pdf
13541,"Reserve Bank of India (Non-Banking Financial Companies – Governance) Amendment Directions, 2026","June 24, 2026","RBI/2026-27/165 DOR.FIN.REC.No.139/03.10.001/2026-27 June 24, 2026 Reserve Bank of India (Non-Banking Financial Companies – Governance) Amendment Directions, 2026 The Reserve Bank has issued the Reser",DOR,https://rbidocs.rbi.org.in/rdocs/notification/PDFs/NT165622ACFE9D9E5440DBC837371ACC3DF68.PDF,June-24-2026_reserve-bank-of-india-non-banking-financial-companies-govern.pdf
13540,"Reserve Bank of India (Non-Banking Financial Companies – Concentration Risk Management) Third Amendment Directions, 2026","June 24, 2026","RBI/2026-27/164 DOR.FIN.REC.No.138/03.10.001/2026-27 June 24, 2026 Reserve Bank of India (Non-Banking Financial Companies – Concentration Risk Management) Third Amendment Directions, 2026 The Reserve",DOR,https://rbidocs.rbi.org.in/rdocs/notification/PDFs/NT164ABB075A2E7A54F88A030C5B99C99E7D4.PDF,June-24-2026_reserve-bank-of-india-non-banking-financial-companies-concen.pdf
13539,"Reserve Bank of India (Non-Banking Financial Companies – Registration, Exemptions and Framework for Scale Based Regulation) Second Amendment Directions, 2026","June 24, 2026","RBI/2026-27/163 DOR.FIN.REC.No.137/03.10.001/2026-27 June 24, 2026 Reserve Bank of India (Non-Banking Financial Companies – Registration, Exemptions and Framework for Scale Based Regulation) Second Am",DOR,https://rbidocs.rbi.org.in/rdocs/notification/PDFs/NT163FD4D81A6803A47EB8D8BDB3169B1AAB0.PDF,June-24-2026_reserve-bank-of-india-non-banking-financial-companies-regist.pdf
13538,"Reserve Bank of India (All India Financial Institutions (AIFIs) – Prudential Norms on Capital Adequacy) Fourth Amendment Directions, 2026","June 24, 2026","RBI/2026-27/161 DOR.MRG.REC.No.147/21-01-002/2026-27 June 24, 2026 Reserve Bank of India (All India Financial Institutions (AIFIs) – Prudential Norms on Capital Adequacy) Fourth Amendment Directions,",DOR,https://rbidocs.rbi.org.in/rdocs/notification/PDFs/NOTI16197E5C4E876D3494BB4D6EFE5C4C49B1B.PDF,June-24-2026_reserve-bank-of-india-all-india-financial-institutions-aifis.pdf
13537,"Reserve Bank of India (Standalone Primary Dealers) Second Amendment Directions, 2026","June 24, 2026","RBI/2026-27/162 DOR.MRG.REC.No.148/03-10-119/2026-27 June 24, 2026 Reserve Bank of India (Standalone Primary Dealers) Second Amendment Directions, 2026 Please refer to Annex I of the FMRD Master Direc",DOR,https://rbidocs.rbi.org.in/rdocs/notification/PDFs/NOTI162D4DE1FAD5BAE4069A12EAE0C89381D95.PDF,June-24-2026_reserve-bank-of-india-standalone-primary-dealers-second-amen.pdf
13536,"Reserve Bank of India (Rural Co-operative Banks - Prudential Norms on Capital Adequacy) Amendment Directions, 2026","June 24, 2026","RBI/2026-27/160 DOR.MRG.REC.No.146/21-01-002/2026-27 June 24, 2026 Reserve Bank of India (Rural Co-operative Banks - Prudential Norms on Capital Adequacy) Amendment Directions, 2026 Please refer to An",DOR,https://rbidocs.rbi.org.in/rdocs/notification/PDFs/NOT160841E4AA2CF8042DA91E8B1A9A201A66F.PDF,June-24-2026_reserve-bank-of-india-rural-co-operative-banks-prudential-no.pdf
13535,"Reserve Bank of India (Urban Co-operative Banks - Prudential Norms on Capital Adequacy) Third Amendment Directions, 2026","June 24, 2026","RBI/2026-27/159 DOR.MRG.REC.No.145/21-01-002/2026-27 June 24, 2026 Reserve Bank of India (Urban Co-operative Banks - Prudential Norms on Capital Adequacy) Third Amendment Directions, 2026 Please refer",DOR,https://rbidocs.rbi.org.in/rdocs/notification/PDFs/NOTI159AF9944D932CC4674B654F647B6ABE845.PDF,June-24-2026_reserve-bank-of-india-urban-co-operative-banks-prudential-no.pdf
13534,"Reserve Bank of India (Regional Rural Banks - Prudential Norms on Capital Adequacy) Third Amendment Directions, 2026","June 24, 2026","RBI/2026-27/158 DOR.MRG.REC.No.144/21-01-002/2026-27 June 24, 2026 Reserve Bank of India (Regional Rural Banks - Prudential Norms on Capital Adequacy) Third Amendment Directions, 2026 Please refer to",DOR,https://rbidocs.rbi.org.in/rdocs/notification/PDFs/NOTI1584A78796AE40742A08E32EFAA86416547.PDF,June-24-2026_reserve-bank-of-india-regional-rural-banks-prudential-norms-.pdf
13533,"Reserve Bank of India (Small Finance Banks - Prudential Norms on Capital Adequacy) Seventh Amendment Directions, 2026","June 24, 2026","RBI/2026-27/156 DOR.MRG.REC.No.142/21-01-002/2026-27 June 24, 2026 Reserve Bank of India (Small Finance Banks - Prudential Norms on Capital Adequacy) Seventh Amendment Directions, 2026 Please refer to",DOR,https://rbidocs.rbi.org.in/rdocs/notification/PDFs/NOT156BC482D316E424A2B8D74C92965129CEA.PDF,June-24-2026_reserve-bank-of-india-small-finance-banks-prudential-norms-o.pdf
13532,"Reserve Bank of India (Local Area Banks - Prudential Norms on Capital Adequacy) Amendment Directions, 2026","June 24, 2026","RBI/2026-27/157 DOR.MRG.REC.No.143/21-01-002/2026-27 June 24, 2026 Reserve Bank of India (Local Area Banks - Prudential Norms on Capital Adequacy) Amendment Directions, 2026 Please refer to paragraph",DOR,https://rbidocs.rbi.org.in/rdocs/notification/PDFs/NOTI15774E137EA57F540B090E1EB3E8A6EE32E.PDF,June-24-2026_reserve-bank-of-india-local-area-banks-prudential-norms-on-c.pdf
13531,"Reserve Bank of India (Commercial Banks - Prudential Norms on Capital Adequacy) Tenth Amendment Directions, 2026","June 24, 2026","RBI/2026-27/155 DOR.MRG.REC.No.141/21-01-002/2026-27 June 24, 2026 Reserve Bank of India (Commercial Banks - Prudential Norms on Capital Adequacy) Tenth Amendment Directions, 2026 Please refer to Anne",DOR,https://rbidocs.rbi.org.in/rdocs/notification/PDFs/NOTI1555A841E4CAEF34C9D9E350C82D2E550E2.PDF,June-24-2026_reserve-bank-of-india-commercial-banks-prudential-norms-on-c.pdf
13530,"Reserve Bank of India [Disbursement of Government Pension by Agency Banks (ABs)] First Amendment Directions, 2026","June 24, 2026","RBI/2026-27/154 CO.DGBA.GBD.No.S228/31.02.007/2026-27 June 24, 2026 Reserve Bank of India [Disbursement of Government Pension by Agency Banks (ABs)] First Amendment Directions, 2026 Please refer to Re",CO,https://rbidocs.rbi.org.in/rdocs/notification/PDFs/NOT154F1EC3780BFC846479E554215D870502E.PDF,June-24-2026_reserve-bank-of-india-disbursement-of-government-pension-by-.pdf
13529,Open positions of Authorised Dealer Category-I banks,"June 23, 2026","RBI/2026-27/153 A.P. (DIR Series) Circular No.16 June 23, 2026 To, All Authorised Dealer Category-I Banks Madam/Sir, Open positions of Authorised Dealer Category-I banks Attention of Authorised Dealer",UNKNOWN,https://rbidocs.rbi.org.in/rdocs/notification/PDFs/NT153AC48B7D594674F71874D73C3DE12C4B9.PDF,June-23-2026_open-positions-of-authorised-dealer-category-i-banks.pdf
13528,"Reserve Bank of India (Commercial Banks – Credit Facilities) Fourth Amendment Directions, 2026","June 23, 2026","RBI/2026-27/152 DOR.STR.REC.128/21-07-001/2026-27 June 23, 2026 Reserve Bank of India (Commercial Banks – Credit Facilities) Fourth Amendment Directions, 2026 Please refer to Reserve Bank of India (Co",DOR,https://rbidocs.rbi.org.in/rdocs/notification/PDFs/NT1529F7C54CFDC7E44B3BAD1316C19DC7290.PDF,June-23-2026_reserve-bank-of-india-commercial-banks-credit-facilities-fou.pdf
13527,"Reserve Bank of India (Small Finance Banks – Credit Facilities) Third Amendment Directions, 2026","June 23, 2026","RBI/2026-27/151 DOR.STR.REC.129/21-07-001/2026-27 June 23, 2026 Reserve Bank of India (Small Finance Banks – Credit Facilities) Third Amendment Directions, 2026 Please refer to Reserve Bank of India (",DOR,https://rbidocs.rbi.org.in/rdocs/notification/PDFs/NT15116C91DA5E1354E0E81188B49879CBFD7.PDF,June-23-2026_reserve-bank-of-india-small-finance-banks-credit-facilities-.pdf
13526,"Reserve Bank of India (Trade Receivables Discounting System) Directions, 2026","June 23, 2026","RBI/DPSS/2026-27/406 CO.DPSS.POLC.No.S257/02-01-010/2026-27 June 23, 2026 The Trade Receivables Discounting System Platform Operators and Participants Madam / Dear Sir, Reserve Bank of India (Trade Re",DPSS,https://rbidocs.rbi.org.in/rdocs/notification/PDFs/406MD184DBA53FAE148368AD6D3ACF0DB824E.PDF,June-23-2026_reserve-bank-of-india-trade-receivables-discounting-system-d.pdf
13525,"Reserve Bank of India [Rural Co-operative Banks - Kisan Credit Card (KCC) Scheme] Directions, 2026","June 19, 2026","RBI/FIDD/2026-27/405 FIDD.CO.FSD.BC.No.07/05.05.010/2026-27 June 19, 2026 Reserve Bank of India [Rural Co-operative Banks - Kisan Credit Card (KCC) Scheme] Directions, 2026 Table of Contents Chapter I",FIDD,https://rbidocs.rbi.org.in/rdocs/notification/PDFs/405MDD58E90A39C3D479CB0CF706F173BF58F.PDF,June-19-2026_reserve-bank-of-india-rural-co-operative-banks-kisan-credit-.pdf
13524,"Reserve Bank of India [Regional Rural Banks - Kisan Credit Card (KCC) Scheme] Directions, 2026","June 19, 2026","RBI/FIDD/2026-27/404 FIDD.CO.FSD.BC.No.06/05.05.010/2026-27 June 19, 2026 Reserve Bank of India [Regional Rural Banks - Kisan Credit Card (KCC) Scheme] Directions, 2026 Table of Contents Chapter I: Pr",FIDD,https://rbidocs.rbi.org.in/rdocs/notification/PDFs/404MDE8BE807BACAC4DA09EA3561C820C7A13.PDF,June-19-2026_reserve-bank-of-india-regional-rural-banks-kisan-credit-card.pdf
13523,"Reserve Bank of India [Small Finance Banks - Kisan Credit Card (KCC) Scheme] Directions, 2026","June 19, 2026","RBI/FIDD/2026-27/403 FIDD.CO.FSD.BC.No.05/05.05.010/2026-27 June 19, 2026 Reserve Bank of India [Small Finance Banks - Kisan Credit Card (KCC) Scheme] Directions, 2026 Table of Contents Chapter I: Pre",FIDD,https://rbidocs.rbi.org.in/rdocs/notification/PDFs/403MDB87EB105BA0A40E18A89C5231E301639.PDF,June-19-2026_reserve-bank-of-india-small-finance-banks-kisan-credit-card-.pdf
13522,"Reserve Bank of India [Commercial Banks - Kisan Credit Card (KCC) Scheme] Directions, 2026","June 19, 2026","RBI/FIDD/2026-27/402 FIDD.CO.FSD.BC.No.04/05.05.010/2026-27 June 19, 2026 Reserve Bank of India [Commercial Banks - Kisan Credit Card (KCC) Scheme] Directions, 2026 Table of Contents Chapter I: Prelim",FIDD,https://rbidocs.rbi.org.in/rdocs/notification/PDFs/402MD09973277BFE449CC8E21A0C9634191F2.PDF,June-19-2026_reserve-bank-of-india-commercial-banks-kisan-credit-card-kcc.pdf
13521,Lead Bank Scheme,"June 19, 2026","RBI/2026-27/150 FIDD.CO.LBS.BC.No.03/02.01.001/2026-27 June 19, 2026 The Chairman/Managing Director / Chief Executive Officer All Commercial Banks excluding Foreign Banks (other than Wholly Owned Subs",FIDD,https://rbidocs.rbi.org.in/rdocs/notification/PDFs/NT150E1686B19E25B471C80CB4399E8E1155B.PDF,June-19-2026_lead-bank-scheme.pdf
13520,"Reserve Bank of India (Regional Rural Banks – Cash Reserve Ratio and Statutory Liquidity Ratio) Third Amendment Directions, 2026","June 19, 2026","RBI/2026-27/149 DOR.RET.REC.125/12.01.001/2026-27 June 19, 2026 Reserve Bank of India (Regional Rural Banks – Cash Reserve Ratio and Statutory Liquidity Ratio) Third Amendment Directions, 2026 Please",DOR,https://rbidocs.rbi.org.in/rdocs/notification/PDFs/NT1496EEBD682A5B04AF3A80EBDE0BB28D679.PDF,June-19-2026_reserve-bank-of-india-regional-rural-banks-cash-reserve-rati.pdf
13519,"Reserve Bank of India (Rural Co-operative Banks – Cash Reserve Ratio and Statutory Liquidity Ratio) Third Amendment Directions, 2026","June 19, 2026","RBI/2026-27/148 DOR.RET.REC.127/12.01.001/2026-27 June 19, 2026 Reserve Bank of India (Rural Co-operative Banks – Cash Reserve Ratio and Statutory Liquidity Ratio) Third Amendment Directions, 2026 Ple",DOR,https://rbidocs.rbi.org.in/rdocs/notification/PDFs/NT14827393A45D05A4E3E9E2180866CF0E49A.PDF,June-19-2026_reserve-bank-of-india-rural-co-operative-banks-cash-reserve-.pdf
13518,"Reserve Bank of India (Urban Co-operative Banks – Cash Reserve Ratio and Statutory Liquidity Ratio) Third Amendment Directions, 2026","June 19, 2026","RBI/2026-27/147 DOR.RET.REC.126/12.01.001/2026-27 June 19, 2026 Reserve Bank of India (Urban Co-operative Banks – Cash Reserve Ratio and Statutory Liquidity Ratio) Third Amendment Directions, 2026 Ple",DOR,https://rbidocs.rbi.org.in/rdocs/notification/PDFs/NT147B41BDF08957E4548A3DD5400F7F6C98F.PDF,June-19-2026_reserve-bank-of-india-urban-co-operative-banks-cash-reserve-.pdf
13517,"Reserve Bank of India (Small Finance Banks – Cash Reserve Ratio and Statutory Liquidity Ratio) Third Amendment Directions, 2026","June 19, 2026","RBI/2026-27/146 DOR.RET.REC.124/12.01.001/2026-27 June 19, 2026 Reserve Bank of India (Small Finance Banks – Cash Reserve Ratio and Statutory Liquidity Ratio) Third Amendment Directions, 2026 Please r",DOR,https://rbidocs.rbi.org.in/rdocs/notification/PDFs/NT14605D90EBE0A64400FBE88361AA68F6DC1.PDF,June-19-2026_reserve-bank-of-india-small-finance-banks-cash-reserve-ratio.pdf
13516,"Reserve Bank of India (Commercial Banks – Cash Reserve Ratio and Statutory Liquidity Ratio) Third Amendment Directions, 2026","June 19, 2026","RBI/2026-27/145 DOR.RET.REC.123/12.01.001/2026-27 June 19, 2026 Reserve Bank of India (Commercial Banks – Cash Reserve Ratio and Statutory Liquidity Ratio) Third Amendment Directions, 2026 Please refe",DOR,https://rbidocs.rbi.org.in/rdocs/notification/PDFs/NT145B918F6E4BE9B4CFF8167E7856E023E47.PDF,June-19-2026_reserve-bank-of-india-commercial-banks-cash-reserve-ratio-an.pdf
13515,"Reporting of FCNR (B) Deposits, ECB and OFCB mobilized under Reserve Bank’s Swap Facility","June 19, 2026","RBI/2026-27/144 A.P. (DIR Series) Circular No. 15 June 19, 2026 To All Authorised Dealer Category-I Banks Madam / Sir Reporting of FCNR (B) Deposits, ECB and OFCB mobilized under Reserve Bank’s Swap F",UNKNOWN,https://rbidocs.rbi.org.in/rdocs/notification/PDFs/NT14484C8480AA43A4A199EE98FD684E7BC84.PDF,June-19-2026_reporting-of-fcnr-b-deposits-ecb-and-ofcb-mobilized-under-re.pdf
